insert into public.role(role_id, role_name) values
(1, 'ROLE_USER'), (2, 'ROLE_ADMIN')
ON CONFLICT (role_id) DO NOTHING;

insert into public.category_of_seat(id, category_of_seat_name) values 
(1, 'standart'), (2, 'for kissing')
ON CONFLICT (id) DO NOTHING;

insert into public.amplua(id, profession) values
(1, 'Director'), (2, 'Actor')
ON CONFLICT (id) DO NOTHING;

insert into public.hall(id, hall_name) values 
(2, 'Blue hall'), (3, 'Green hall')
ON CONFLICT (id) DO NOTHING;
											  
insert into public.seat(id, category_of_seat_id, hall_id, row_number, seat_number) values 
(1, 1, 2, 1, 1), (2, 1, 2, 1, 2), (3, 1, 2, 1, 3), (4, 1, 2, 1, 4), (5, 1, 2, 1, 5),
(6, 1, 2, 2, 1), (7, 1, 2, 2, 2), (8, 1, 2, 2, 3), (9, 1, 2, 2, 4), (10, 1, 2, 2, 5), (11, 1, 2, 2, 6), (12, 1, 2, 2, 7),
(13, 1, 2, 3, 1), (14, 1, 2, 3, 2), (15, 1, 2, 3, 3), (16, 1, 2, 3, 4), (17, 1, 2, 3, 5), (18, 1, 2, 3, 6), (19, 1, 2, 3, 7),
(20, 1, 2, 4, 1), (21, 1, 2, 4, 2), (22, 1, 2, 4, 3), (23, 1, 2, 4, 4), (24, 1, 2, 4, 5), (25, 1, 2, 4, 6), (26, 1, 2, 4, 7),
(27, 2, 2, 5, 1), (28, 2, 2, 5, 2), (29, 2, 2, 5, 3), (30, 2, 2, 5, 4), (31, 2, 2, 5, 5), (32, 2, 2, 5, 6), (33, 2, 2, 5, 7), (34, 2, 2, 5, 8), (35, 2, 2, 5, 9),
(36, 1, 3, 1, 1), (37, 1, 3, 1, 2), (38, 1, 3, 1, 3), (39, 1, 3, 1, 4), (40, 1, 3, 1, 5), (41, 1, 3, 1, 6), (42, 1, 3, 1, 7),
(43, 1, 3, 2, 1), (44, 1, 3, 2, 2), (45, 1, 3, 2, 3), (46, 1, 3, 2, 4), (47, 1, 3, 2, 5), (48, 1, 3, 2, 6), (49, 1, 3, 2, 7),
(50, 1, 3, 3, 1), (51, 1, 3, 3, 2), (52, 1, 3, 3, 3), (53, 1, 3, 3, 4), (54, 1, 3, 3, 5), (55, 1, 3, 3, 6), (56, 1, 3, 3, 7), (57, 1, 3, 3, 8), (58, 1, 3, 3, 9),
(59, 1, 3, 4, 1), (60, 1, 3, 4, 2), (61, 1, 3, 4, 3), (62, 1, 3, 4, 4), (63, 1, 3, 4, 5), (64, 1, 3, 4, 6), (65, 1, 3, 4, 7), (66, 1, 3, 4, 8), (67, 1, 3, 4, 9),
(68, 1, 3, 5, 1), (69, 1, 3, 5, 2), (70, 1, 3, 5, 3), (71, 1, 3, 5, 4), (72, 1, 3, 5, 5), (73, 1, 3, 5, 6), (74, 1, 3, 5, 7), (75, 1, 3, 5, 8), (76, 1, 3, 5, 9),
(77, 2, 3, 6, 1), (78, 2, 3, 6, 2), (79, 2, 3, 6, 3), (80, 2, 3, 6, 4), (81, 2, 3, 6, 5), (82, 2, 3, 6, 6), (83, 2, 3, 6, 7), (84, 2, 3, 6, 8), (85, 2, 3, 6, 9), (86, 2, 3, 6, 10), (87, 2, 3, 6, 11)
ON CONFLICT (id) DO NOTHING;

